{"cameraMode":{"drawMode":0,"name":"Shaded","section":"Shading Mode"},"sceneLighting":false,"audioPlay":false,"sceneViewState":{"showFog":true,"showMaterialUpdate":false,"showSkybox":true,"showFlares":true,"showImageEffects":true,"showParticleSystems":true},"in2DMode":false,"pivot":{"x":0.0,"y":-1.1920928955078126e-7,"z":1.0000003576278687},"rotation":{"x":-0.12137802690267563,"y":0.6688050627708435,"z":-0.1119898334145546,"w":-0.7248623371124268},"size":2.8578848838806154,"orthographic":false}